A股代码,证券简称,上市日期,总股本,流通股
600000,浦发银行,19991110,30497026000,30497026000
600004,白云机场,20030428,2366718300,2366718300
600006,东风股份,19990727,2000000000,2000000000
600007,中国国贸,19990312,1007282500,1007282500
600008,首创环保,20000427,7340590699,7340590699
600009,上海机场,19980218,2488481300,1918695900
600010,包钢股份,20010309,45288619300,31380798300
600011,华能国际,20011206,10997709900,10997709900
600012,皖通高速,20030107,1165600000,1165600000
600015,华夏银行,20030912,15914928500,15387224000
600016,民生银行,20001219,35462123200,35462123200
600017,日照港,20061017,3075653900,3075653900
600018,上港集团,20000719,23281365299,23214577799
600019,宝钢股份,20001212,21782084700,21782084700
600020,中原高速,20030808,2247371800,2247371800
600021,上海电力,20031029,2816743600,2816743600
600022,山东钢铁,20040629,10698849600,10698849600
600023,浙能电力,20131219,13408732700,13408732700
600025,华能水电,20171215,18000000000,18000000000
600026,中远海能,20020523,3474776400,3474776400
600027,华电国际,20050203,9189190800,8510327500
600028,中国石化,20010808,97232263100,94841824900
600029,南方航空,20030725,13476920700,12673349200
600030,中信证券,20030106,12200470000,12176551000
600031,三一重工,20030703,8474390000,8474390000
600032,浙江新能,20210525,2404675300,2404675300
600033,福建高速,20010209,2744400000,2744400000
600035,楚天高速,20040310,1610115900,1610115900
600036,招商银行,20020409,20628944400,20628944400
600037,歌华有线,20010208,1391777900,1391777900
600038,中直股份,20001218,819893200,668935200
600039,四川路桥,20030325,8710039500,6715566600
600048,保利发展,20060731,11970443400,11970443400
600050,中国联通,20021009,31264425299,30766826100
600051,宁波联合,19970410,310880000,310880000
600052,东望时代,19970415,844194700,844194700
600053,九鼎投资,19970418,433540800,433540800
600054,黄山旅游,19970506,729379400,729379400
600055,万东医疗,19970519,703061100,703061100
600056,中国医药,19970515,1495879700,1495351500
600057,厦门象屿,19970604,2806369699,2192510200
600058,五矿发展,19970528,1071910700,1071910700
600059,古越龙山,19970516,911542400,911542400
600060,海信视像,19970422,1304972300,1295094400
600061,国投资本,19970519,6393982700,6393982700
600062,华润双鹤,19970522,1038757500,1032630800
600063,皖维高新,19970528,2104618200,1925894700
600064,南京高科,19970506,1730339600,1730339600
600066,宇通客车,19970508,2213939200,2213939200
600067,冠城新材,19970508,1391668700,1391668700
600071,凤凰光学,19970528,281573900,281573900
600072,中船科技,19970603,1506521700,1083337300
600073,光明肉业,19970704,937729500,937729500
600075,新疆天业,19970617,1707363299,1707363299
600076,康欣新材,19970526,1344543400,1344543400
600078,澄星股份,19970627,662572899,662572899
600079,XD人福医,19970606,1632226000,1543178800
600080,金花股份,19970612,373270300,373270300
600081,东风科技,19970703,553026200,553026200
600082,海泰发展,19970620,646115800,634335400
600084,中信尼雅,19970711,1123726800,1123726800
600085,同仁堂,19970625,1371470300,1371470300
600088,中视传媒,19970616,397706400,397706400
600089,特变电工,19970618,5052792600,5052792600
600094,大名城,19970703,2364852000,2364852000
600095,湘财股份,19970708,2859187700,2859187700
600096,云天化,19970709,1822990700,1822990700
600097,开创国际,19970619,240936600,240936600
600098,广州发展,19970718,3506306900,3498750000
600099,林海股份,19970704,219120000,219120000
600100,同方股份,19970627,3350297700,3350297700
600101,明星电力,19970627,547862500,547862500
600103,青山纸业,19970703,2240826700,2212329000
600104,上汽集团,19971125,11575299400,11575299400
600105,永鼎股份,19970929,1461994800,1461994800
600106,重庆路桥,19970618,1329025100,1329025100
600107,ST尔雅,19971106,360000000,360000000
600108,亚盛集团,19970818,1946915100,1946915100
600109,国金证券,19970807,3712559500,3712559500
600110,诺德股份,19971007,1735180900,1735180900
600111,北方稀土,19970924,3615065800,3615065800
600113,浙江东日,19971021,421176700,411431200
600114,东睦股份,20040511,616383500,616383500
600115,中国东航,19971105,17114518799,17114518799
600116,三峡水利,19970804,1912142900,1912142900
600117,西宁特钢,19971015,3255114900,3255114900
600118,中国卫星,19970908,1182489100,1182489100
600119,长江投资,19980115,365270400,365270400
600120,浙江东方,19971201,3415381500,3415381500
600121,郑州煤电,19980107,1218412000,1218412000
600123,兰花科创,19981217,1473240000,1473240000
600125,铁龙物流,19980511,1305521900,1305521900
600126,杭钢股份,19980311,3377189099,3377189099
600127,金健米业,19980506,641783200,641783200
600128,苏豪弘业,19970901,246767500,246767500
600129,太极集团,19971118,556890700,556890700
600130,*ST波导,20000706,750000000,750000000
600131,国网信通,19980402,1199724400,1195905100
600132,重庆啤酒,19971030,483971200,483971200
600133,东湖高新,19980212,1066239900,1066239900
600135,乐凯胶片,19980122,553307100,553307100
600136,ST明诚,19980303,2040825900,1943089500
600137,浪莎股份,19980416,97217600,97217600
600138,中青旅,19971203,723840000,723840000
600141,兴发集团,19990616,1103256000,1103256000
600143,金发科技,20040623,2636612700,2597225600
600148,长春一东,19980520,141516500,141516500
600149,廊坊发展,19991014,380160000,380160000
600150,中国船舶,19980520,4472428800,4472428800
600151,航天机电,19980605,1434252300,1434252300
600152,维科技术,19980609,529079400,529079400
600153,建发股份,19980616,2899538600,2899538600
600155,华创云信,19980918,2213542500,2213542500
600156,华升股份,19980527,402110700,402110700
600157,永泰能源,19980513,21817764100,21817764100
600158,中体产业,19980327,959513100,959513100
600159,大龙地产,19980526,830003200,830003200
600160,巨化股份,19980626,2699746100,2699746100
600161,天坛生物,19980616,1977371400,1977371400
600162,香江控股,19980609,3268438100,3268438100
600163,中闽能源,19980602,1902996099,1902996099
600165,ST宁科,19980529,684883800,684883800
600166,福田汽车,19980602,7917400400,6488828900
600167,联美控股,19990128,2262840500,2262840500
600168,武汉控股,19980427,993397600,993397600
600169,太原重工,19980904,3347103200,3333141500
600170,上海建工,19980623,8885939700,8885939700
600171,上海贝岭,19980924,708923300,708923300
600172,黄河旋风,19981126,1442184500,1276255800
600173,卧龙新能,19990415,700506200,700416200
600176,中国巨石,19990422,4003136700,4003136700
600177,雅戈尔,19981119,4623441900,4623441900
600178,东安动力,19981014,466476200,466476200
600179,安通控股,19981104,4231527000,3744236500
600180,瑞茂通,19980703,1086627500,1086627500
600182,S佳通,19990507,340000000,170000000
600183,生益科技,19981028,2429262900,2394501500
600184,光电股份,20031106,582727500,508760800
600185,珠免集团,19990611,1885005799,1885005799
600186,莲花控股,19980825,1794002100,1786710400
600187,国中水务,19981111,1613781099,1613781099
600188,兖矿能源,19980701,5961980500,5923911100
600189,泉阳泉,19981007,715197800,715197800
600191,华资实业,19981210,484932000,484932000
600192,长城电工,19981224,441748000,441748000
600193,*ST创兴,19990527,425373000,425373000
600195,中牧股份,19990107,1021148300,1021148300
600196,复星医药,19980807,2118488800,2118488800
600197,伊力特,19990916,473174700,473174700
600198,大唐电信,19981021,1303603500,1301949800
600199,金种子酒,19980812,657796799,657796799
600200,*ST苏吴,19990401,710879500,710879500
600201,生物股份,19990115,1111747800,1111747800
600202,哈空调,19990603,383340700,383340700
600203,福日电子,19990514,592988100,592988100
600206,有研新材,19990319,846553300,846553300
600207,安彩高科,19990714,1089312600,1089312600
600208,衢州发展,19990623,8508940800,8507976300
600210,紫江企业,19990824,1516736200,1516736200
600211,西藏药业,19990721,322319200,322319200
600212,绿能慧充,19990817,704267200,514817200
600215,派斯林,19990909,462995400,456882900
600216,浙江医药,19991021,961637800,961633500
600217,中再资环,19991216,1657653700,1657653700
600218,全柴动力,19981203,435599900,435599900
600219,南山铝业,19991223,11613670800,11613670800
600221,海航控股,19991125,43215632500,33242123100
600222,太龙药业,19991105,573886300,573886300
600223,福瑞达,20000113,1016568800,1016568800
600226,亨通股份,19991116,2974381200,2974381200
600227,赤天化,20000221,1688727700,1277599800
600228,*ST返利,19990119,417012400,416037200
600229,城市传媒,20000309,660707800,660707800
600230,沧州大化,20000406,413961000,413961000
600231,凌钢股份,20000511,2852177300,2819197300
600232,金鹰股份,20000602,364718500,364718500
600233,圆通速递,20000608,3421138100,3421138100
600234,科新发展,20000615,262521000,262521000
600235,民丰特纸,20000615,351300000,351300000
600236,桂冠电力,20000323,7882377800,7882377800
600237,铜峰电子,20000609,630709200,621676200
600238,*ST椰岛,20000120,448200000,445001600
600239,云南城投,19991202,1605686900,1605686900
600241,时代万恒,20001128,294302100,294302100
600243,*ST海华,20001120,438850000,438850000
600246,万通发展,20000922,1890412500,1890412500
600248,陕建股份,20000622,3739735300,3705739300
600249,两面针,20040130,550000000,550000000
600250,南京商旅,20010306,310593900,310593900
600251,冠农股份,20030609,776993600,776993600
600252,中恒集团,20001130,3313345600,3302280300
600255,鑫科材料,20001122,1806147000,1806147000
600256,广汇能源,20000526,6392003000,6392003000
600257,大湖股份,20000612,481237200,481237200
600258,首旅酒店,20000601,1116603100,1116603100
600259,广晟有色,20000525,336435899,336435899
600261,阳光照明,20000720,1335053000,1335053000
600262,北方股份,20000630,170000000,170000000
600265,ST景谷,20000825,129800000,129800000
600266,城建发展,19990203,2075743500,2075743500
600267,海正药业,20000725,1198848200,1198188900
600268,国电南自,19991118,1015870800,1010742800
600269,赣粤高速,20000518,2335407000,2335407000
600271,航天信息,20030711,1852884600,1852884600
600272,开开实业,20010228,262651900,240000000
600273,嘉化能源,20030627,1356879500,1356879500
600276,恒瑞医药,20001018,6379002300,6379002300
600278,东方创业,20000712,877143700,871915600
600279,重庆港,20000731,1186866300,1186866300
600280,中央商场,20000926,1128334800,1128334800
600281,华阳新材,20001109,514402000,514402000
600282,南钢股份,20000919,6165091000,6165091000
600283,钱江水利,20001018,560824900,544167200
600284,浦东建设,20040316,970256000,970256000
600285,羚锐制药,20001018,567115500,565865500
600287,江苏舜天,20000901,438848000,436796100
600288,大恒科技,20001129,436800000,436800000
600289,ST信通,20000720,631052100,565922700
600292,远达环保,20001101,780816900,780816900
600293,三峡新材,20000919,1160145000,1160145000
600295,鄂尔多斯,20010426,2798776300,2798776300
600298,安琪酵母,20000818,868138500,857150500
600299,安迪苏,20000420,2681901300,2681901300
600300,维维股份,20000630,1617142200,1617142200
600301,华锡有色,20000712,632567500,275335700
600302,标准股份,20001213,346009800,346009800
600303,曙光股份,20001226,683604200,675604200
600305,恒顺醋业,20010206,1106471500,1102988200
600307,酒钢宏兴,20001220,6263357400,6263357400
600308,华泰股份,20000928,1516870200,1516870200
600309,万华化学,20010105,3130471599,3130471599
600310,广西能源,20010228,1465710700,1465710700
600312,平高电气,20010221,1356921300,1356921300
600313,农发种业,20010119,1082198700,1082198700
600315,上海家化,20010315,672226000,672226000
600316,洪都航空,20001215,717114500,717114500
600318,新力金融,20001208,512727600,512727600
600319,亚星化学,20010326,387709400,315594000
600320,振华重工,20001221,5268353500,5268353500
600322,津投城开,20010910,1105700000,1105700000
600323,瀚蓝环境,20001225,815347100,815347100
600325,华发股份,20040225,2752152100,2752152100
600326,西藏天路,20010116,1335475900,1334625000
600327,大东方,20020625,884779500,884779500
600328,中盐化工,20001222,1466309500,1466309500
600329,达仁堂,20010606,570094400,567089400
600330,天通股份,20010118,1233434400,1233434400
600331,宏达股份,20011220,2641600000,2032000000
600332,白云山,20010206,1405890900,1405890900
600333,长春燃气,20001211,609030700,609030700
600335,国机汽车,20010305,1495788700,1495788700
600336,澳柯玛,20001229,798014800,798014800
600337,美克家居,20001127,1436998100,1436998100
600338,西藏珠峰,20001227,914210200,914210200
600339,中油工程,20001225,5583147500,5583147500
600340,华夏幸福,20031230,3913720300,3893355100
600343,航天动力,20030408,638206300,638206300
600345,长江通信,20001222,329612100,211559300
600346,恒力石化,20010820,7039099800,7039099800
600348,华阳股份,20030821,3607500000,3607500000
600350,山东高速,20020318,4834570800,4834570800
600351,亚宝药业,20020926,700000000,700000000
600352,浙江龙盛,20030801,3253331900,3253331900
600353,旭光电子,20021120,829976200,828811200
600354,敦煌种业,20040115,527802100,527802100
600355,*ST精伦,20020613,492089200,492089200
600356,恒丰纸业,20010419,298731400,298731400
600358,ST联合,20000922,504936700,504936700
600359,新农开发,19990429,381512800,381512800
600360,*ST华微,20010316,960295300,960295300
600361,创新新材,20011129,4107435900,1667006800
600362,江西铜业,20020111,2075247400,2075247400
600363,联创光电,20010329,453514500,453514500
600365,ST通葡,20010115,427280000,427280000
600366,宁波韵升,20001030,1099041100,1063042000
600367,红星发展,20010320,341130899,321973200
600368,五洲交通,20001221,1609653900,1609653900
600369,西南证券,20010109,6645109100,6645109100
600370,三房巷,20030306,3896632400,3896632400
600371,万向德农,20020916,292578000,292578000
600372,中航机载,20010706,4838896600,4838896600
600373,中文传媒,20020304,1367505100,1347358700
600375,汉马科技,20030401,1603071400,1087685800
600376,首开股份,20010312,2579565200,2579565200
600377,宁沪高速,20010116,3815747500,3802183000
600378,昊华科技,20010111,1289999600,1072565399
600379,宝光股份,20020116,330201600,330201600
600380,健康元,20010608,1829453400,1829453400
600381,*ST春天,20010508,587060700,587060700
600382,广东明珠,20010118,694408100,694408100
600383,金地集团,20010412,4514583600,4514583600
600386,北巴传媒,20010216,806400000,806400000
600388,龙净环保,20001229,1270046300,1270046300
600389,江山股份,20010110,430650000,430650000
600390,五矿资本,20010115,4498065500,4498065500
600391,航发科技,20011212,330129400,330129400
600392,盛和资源,20030529,1752826600,1752826600
600395,盘江股份,20010531,2146624900,2146624900
600396,华电辽能,20010328,1472706800,1472706800
600397,安源煤业,20020702,989959900,989959900
600398,海澜之家,20001228,4802770300,4802770300
600399,抚顺特钢,20001229,1972100000,1972100000
600400,红豆股份,20010108,2291371900,2291371900
600403,大有能源,20031009,2390812400,2390812400
600405,动力源,20040401,612829600,610119400
600406,国电南瑞,20031016,8032088300,7996324800
600408,安泰集团,20030212,1006800000,1006800000
600409,三友化工,20030618,2064349400,2064349400
600410,华胜天成,20040427,1096494700,1096494700
600415,小商品城,20020509,5483645900,5482860500
600416,湘电股份,20020718,1325406400,1325406400
600418,江淮汽车,20010824,2184009800,2184009800
600419,天润乳业,20010628,315507000,315507000
600420,国药现代,20040616,1341172700,1341172700
600421,*ST华嵘,20040607,195600000,195600000
600422,昆药集团,20001206,756975800,756975800
600423,柳化股份,20030717,798695000,798695000
600425,青松建化,20030724,1604703700,1378790100
600426,华鲁恒升,20020620,2123220000,2119176600
600428,XD中远海,20020418,2743920400,2146650799
600429,三元股份,20030915,1509176000,1497557400
600433,冠豪高新,20030619,1750279200,1750279200
600435,北方导航,20030704,1511138000,1511138000
600436,片仔癀,20030616,603317200,603317200
600438,通威股份,20040302,4501988800,4501988800
600439,瑞贝卡,20030710,1131985400,1131985400
600444,国机通用,20040219,146421900,146421900
600446,金证股份,20031224,946275000,946275000
600448,华纺股份,20010903,629819700,629819700
600449,宁夏建材,20030829,478181000,478181000
600452,涪陵电力,20040303,1536541700,1536541700
600455,博通股份,20040329,62458000,62458000
600456,宝钛股份,20020412,477777500,477777500
600458,时代新材,20021219,931180500,809749299
600459,贵研铂业,20030516,760295000,753839600
600460,士兰微,20030311,1664071800,1664071800
600461,洪城环境,20040601,1284155200,1284155200
600463,空港股份,20040318,300000000,300000000
600467,好当家,20040405,1460994300,1460994300
600468,百利电气,20010615,1087735300,1087735300
600469,风神股份,20031021,729450900,729450900
600470,六国化工,20040305,521600000,521600000
600475,华光环能,20030721,955965700,942885700
600476,湘邮科技,20031210,161070000,161070000
600477,杭萧钢构,20031110,2368966200,2368966200
600478,科力远,20030918,1665540900,1665540900
600479,千金药业,20040312,418507100,418507100
600480,凌云股份,20030815,1222360500,1204162000
600481,双良节能,20030422,1873770600,1873770600
600482,中国动力,20040714,2253488900,2253488900
600483,福能股份,20040531,2780137800,2780137800
600486,扬农化工,20020425,405398900,403988700
600487,亨通光电,20030822,2466734700,2445181100
600488,津药药业,20010618,1091886700,1091886700
600489,中金黄金,20030814,4847312600,4847312600
600490,鹏欣资源,20030626,2212887100,1992621400
600491,龙元建设,20040524,1529758000,1529758000
600493,凤竹纺织,20040421,272000000,272000000
600495,晋西车轴,20040526,1208190900,1208190900
600496,精工钢构,20020605,1990124300,1990124300
600497,驰宏锌锗,20040420,5040380500,5040380500
600498,烽火通信,20010823,1184475400,1166590700
600499,科达制造,20021010,1917856400,1917856400
600500,中化国际,20000301,3588523600,3586722800
600501,航天晨光,20010615,431208000,427702200
600502,安徽建工,20030415,1716533900,1716533900
600503,华丽家族,20020709,1602290000,1602290000
600505,西昌电力,20020530,364567500,364567500
600506,统一股份,20011226,192018900,147706900
600507,方大特钢,20030930,2313187900,2313187900
600508,上海能源,20010829,722718000,722718000
600509,天富能源,20020228,1374397400,1374397400
600510,黑牡丹,20020618,1032025500,1032025500
600511,国药股份,20021127,754503000,553346400
600512,腾达建设,20021226,1593811000,1587405200
600513,联环药业,20030319,285456300,285456300
600515,海南机场,20020806,11425309600,9176012500
600516,方大炭素,20020830,4025970400,4025970400
600517,国网英大,20031010,5718435699,5718435699
600518,康美药业,20010319,13828896700,13822352200
600519,贵州茅台,20010827,1256197800,1256197800
600520,三佳科技,20020108,158430000,158430000
600521,华海药业,20030304,1497251099,1456098800
600522,中天科技,20021024,3412949699,3412949699
600523,贵航股份,20011227,404311300,404044600
600525,ST长园,20021202,1318780200,1318780200
600526,菲达环保,20020722,889703100,711626100
600527,江南高纤,20031127,1731760900,1731760900
600528,中铁工业,20010528,2221551600,2221551600
600529,山东药玻,20020603,663614100,663614100
600530,交大昂立,20010702,774920000,774920000
600531,豫光金铅,20020730,1090259700,1090259700
600533,栖霞建设,20020328,1050000000,1050000000
600535,天士力,20020823,1493950000,1493950000
600536,中国软件,20020517,933786600,843655900
600537,亿晶光电,20030123,1183715000,1183715000
600538,国发股份,20030114,524198300,524198300
600539,狮头股份,20010824,230000000,230000000
600540,新赛股份,20040107,581377000,581377000
600543,莫高股份,20040324,321120000,321120000
600545,卓郎智能,20031203,1787912200,1787912200
600546,山煤国际,20030731,1982456099,1982456099
600547,山东黄金,20030828,3614443300,3614443300
600548,深高速,20011225,1790356099,1433270300
600549,厦门钨业,20021107,1587585799,1553932000
600550,保变电气,20010228,1841528500,1841528500
600551,时代出版,20020905,678055200,678055200
600552,凯盛科技,20021108,944606900,944606900
600556,天下秀,20010807,1807747600,1807747600
600557,康缘药业,20020918,566158800,566158800
600558,大西洋,20010227,897604800,897604800
600559,老白干酒,20021029,914747400,909509400
600560,金自天正,20020919,223645500,223645500
600561,江西长运,20020716,284476800,284476800
600562,国睿科技,20030128,1241857800,1241857800
600563,法拉电子,20021210,225000000,225000000
600566,济川药业,20010822,920660700,915748200
600567,山鹰国际,20011218,5615308800,5615308800
600568,ST中珠,20010518,1992869700,1669067300
600569,安阳钢铁,20010820,2872421400,2872421400
600570,恒生电子,20031216,1891767500,1891767500
600571,信雅达,20021101,466318300,457751700
600572,康恩贝,20040412,2524267400,2517525500
600573,惠泉啤酒,20030226,250000000,250000000
600575,淮河能源,20030328,3886261100,3886261100
600576,祥源文旅,20030220,1054548400,660390100
600577,精达股份,20020911,2149179100,2149179100
600578,京能电力,20020510,6694621000,6694621000
600579,中化装备,20020809,494712400,494712400
600580,卧龙电驱,20020606,1562117500,1562117500
600581,八一钢铁,20020816,1538691500,1532897900
600582,天地科技,20020515,4138588900,4138588900
600583,海油工程,20020205,4421354800,4421354800
600584,长电科技,20030603,1789414600,1789414600
600585,海螺水泥,20020207,3999702600,3999702600
600586,金晶科技,20020815,1417337700,1417337700
600587,新华医疗,20020927,606677900,604362000
600588,用友网络,20010518,3416997400,3416997400
600589,大位科技,20010612,1484669900,1478469900
600590,泰豪科技,20020703,852869800,843569500
600592,龙溪股份,20020805,399553600,399553600
600593,大连圣亚,20020711,128800000,128800000
600594,益佰制药,20040323,791927400,791927400
600595,中孚实业,20020626,4007905100,4007905100
600596,新安股份,20010906,1349597000,1349597000
600597,光明乳业,20020828,1378473800,1378455400
600598,北大荒,20020329,1777679900,1777679900
600599,*ST熊猫,20010828,166000000,166000000
600600,青岛啤酒,19930827,709127600,709125900
600601,方正科技,19901219,4273742900,4170293300
600602,云赛智联,19901219,1367673500,1367673500
600603,ST广物,19920113,1193329200,1193329200
600604,市北高新,19920327,1873304800,1873304800
600605,汇通能源,19920327,206282400,206282400
600606,绿地控股,19920327,14054218300,14054218300
600608,*ST沪科,19920327,328861400,318371400
600609,金杯汽车,19920724,1304558600,1304558600
600610,中毅达,19920805,1071274600,1069086700
600611,大众交通,19920807,2364122900,2364122900
600612,老凤祥,19920814,523117800,523117800
600613,神奇制药,19920820,534071600,534071600
600615,丰华股份,19920910,225624600,225149400
600616,金枫酒业,19920929,669005000,669005000
600617,国新能源,19921013,1929191800,1929191800
600618,氯碱化工,19921113,1156400000,1156400000
600619,海立股份,19921116,1073344400,1073344400
600620,天宸股份,19921117,686677100,686677100
600621,华鑫股份,19921202,1060899299,1060899299
600622,光大嘉宝,19921203,1499685400,1499685400
600623,华谊集团,19921204,2122831300,2114942000
600624,复旦复华,19930105,679346900,679346900
600626,申达股份,19930107,1320744700,1107978700
600628,新世界,19930119,646875400,646875400
600629,华建集团,19930209,970338700,953117100
600630,龙头股份,19930209,424861600,424861600
600633,浙数文化,19930304,1268074500,1268074500
600635,大众公用,19930304,2418791700,2418791700
600636,*ST国化,19930316,438636800,438636800
600637,东方明珠,19930316,3361899800,3361899800
600638,新黄浦,19930326,673396799,673396799
600639,浦东金桥,19930326,1122412900,1122412900
600640,国脉文化,19930407,795695900,795695900
600641,万业企业,19930407,930629900,930629900
600642,申能股份,19930416,4894094700,4879040500
600643,爱建集团,19930426,1593170799,1590351700
600644,乐山电力,19930426,578320800,538400700
600645,中源协和,19930504,467948900,467770199
600648,外高桥,19930504,1359912200,1135349100
600649,城投控股,19930518,2504500800,2504500800
600650,锦江在线,19930607,551610100,551610100
600651,飞乐音响,19901219,2507028000,2507028000
600653,申华控股,19901219,1946380300,1946380300
600654,中安科,19901219,2876607600,2315511700
600655,豫园股份,19920902,3896943600,3889846300
600657,信达地产,19930524,2851878600,2851878600
600658,电子城,19930524,1118585000,1118585000
600660,福耀玻璃,19930610,2002986300,2002986300
600661,昂立教育,19930614,286548800,286548800
600662,外服控股,19930614,2283496500,2270080700
600663,陆家嘴,19930628,5035153700,4256419699
600664,哈药股份,19930629,2518509900,2518509900
600665,天地源,19930709,864122500,864122500
600666,奥瑞德,19930712,2763512800,2419752900
600667,太极实业,19930728,2106190200,2106190200
600668,尖峰集团,19930728,412900600,412900600
600671,天目药业,19930823,121778900,121720500
600673,东阳光,19930917,3009555100,3001557900
600674,川投能源,19930924,4874606800,4874606800
600675,中华企业,19930924,6046135300,6046135300
600676,交运股份,19930928,1028492899,1028492899
600678,四川金顶,19931008,348990000,348990000
600679,上海凤凰,19931008,515294300,515294300
600681,百川能源,19931018,1340854800,1339808800
600682,南京新百,19931018,1346132200,1165060300
600683,京投发展,19931025,740777600,740777600
600684,珠江股份,19931028,853460700,853460700
600685,中船防务,19931028,821435200,821435200
600686,金龙汽车,19931108,717047400,717047400
600688,上海石化,19931108,7328813500,7328813500
600689,上海三毛,19931108,200991300,200991300
600690,海尔智家,19931119,6254501100,6254501100
600691,阳煤化工,19931119,2375982000,2375586000
600692,亚通股份,19931119,351764100,255010500
600693,东百集团,19931122,869846200,868952800
600694,大商股份,19931122,347767800,344357800
600696,*ST岩石,19931206,334469400,334469400
600697,欧亚集团,19931206,159088100,155376000
600698,湖南天雁,19931206,1068637700,1060345300
600699,均胜电子,19931206,1395670600,1355053599
600702,舍得酒业,19960524,333122400,332618900
600703,三安光电,19960528,4989018700,4989018700
600704,物产中大,19960606,5171179900,5171179900
600706,曲江文旅,19960516,255059800,254030200
600707,彩虹股份,19960520,3588389699,3587669699
600708,光明地产,19960606,2228636700,2225277800
600710,苏美达,19960701,1306749400,1306749400
600711,盛屯矿业,19960531,3090611599,3090611599
600712,南宁百货,19960626,544655400,538648400
600713,南京医药,19960701,1308928100,1286903300
600714,金瑞矿业,19960606,288176300,288176300
600715,文投控股,19960701,4059853500,2662372199
600716,凤凰股份,19960702,936060600,936060600
600717,天津港,19960614,2894001000,2894001000
600718,东软集团,19960618,1190185200,1190185200
600719,大连热电,19960716,404599600,404599600
600720,中交设计,19960716,2294595600,1009049800
600721,百花医药,19960626,384547600,384547600
600722,金牛化工,19960626,680319700,680319700
600724,宁波富达,19960716,1445241099,1444942700
600725,云维股份,19960702,1232470000,1232470000
600726,华电能源,19960701,7907336200,3179344800
600727,鲁北化工,19960702,528583100,528523100
600728,佳都科技,19960716,2132599300,2132599300
600729,重庆百货,19960702,440475600,191212300
600730,中国高科,19960726,586656000,586656000
600731,湖南海利,19960802,558742400,557982700
600732,爱旭股份,19960816,1826310600,1585317200
600733,北汽蓝谷,19960816,5573503199,4885096900
600734,实达集团,19960808,2178303100,2168428100
600735,新华锦,19960726,428778200,425451800
600736,苏州高新,19960815,1151292900,1151292900
600737,中粮糖业,19960731,2138848200,2138848200
600738,丽尚国潮,19960802,761335200,760666200
600739,辽宁成大,19960819,1529709800,1529709800
600740,山西焦化,19960808,2562121200,2562121200
600741,华域汽车,19960826,3152724000,3152724000
600742,富维股份,19960826,743057899,743057899
600743,华远控股,19960909,2346100900,2346100900
600744,华银电力,19960905,2031124300,2031124300
600745,闻泰科技,19960828,1244579200,1244579200
600746,江苏索普,19960918,1167842900,1166082300
600748,上实发展,19960925,1844562900,1844562900
600749,西藏旅游,19961015,226965500,226965500
600750,江中药业,19960923,634996000,627292400
600751,海航科技,19960909,2899337800,2899337800
600753,*ST海钦,19960927,230307200,230307200
600754,锦江酒店,19961011,1067418800,1064009800
600755,厦门国贸,19961003,2167463500,2132158500
600756,浪潮软件,19960923,324098800,324098800
600757,长江传媒,19961003,1213650300,1213497100
600758,辽宁能源,19961029,1322017400,1320743400
600759,洲际油气,19961008,4149009300,4143685800
600760,中航沈飞,19961011,2835094699,2748186000
600761,安徽合力,19961009,890692800,890692800
600763,通策医疗,19961030,447289100,447289100
600764,中国海防,19961104,710629400,710629400
600765,中航重机,19961106,1563548200,1552494200
600768,宁波富邦,19961111,133747200,133747200
600769,祥龙电业,19961101,374977200,374977200
600770,综艺股份,19961120,1300000000,1300000000
600771,广誉远,19961105,489491100,489491100
600773,西藏城投,19961108,951586900,951586900
600774,汉商集团,19961108,295032400,294842100
600775,南京熊猫,19961118,671838500,671838500
600776,东方通信,19961126,1256000100,1256000100
600777,*ST新潮,19961121,6800495800,6366152400
600778,友好集团,19961203,311491400,311214900
600779,水井坊,19961206,487503200,487503200
600780,通宝能源,19961205,1146502500,1146502500
600782,新钢股份,19961225,3182542100,3145652100
600783,鲁信创投,19961225,744359299,744359299
600784,鲁银投资,19961225,675652300,675652300
600785,新华百货,19970108,225631300,225631300
600787,中储股份,19970121,2174952600,2170079600
600789,鲁抗医药,19970226,898669600,898669600
600790,轻纺城,19970228,1465790900,1465790900
600791,京能置业,19970130,452880000,452313700
600792,云煤能源,19970123,1109923600,1059868100
600793,宜宾纸业,19970220,176904000,176904000
600794,保税科技,19970306,1200152200,1200152200
600795,国电电力,19970318,17835619100,17835619100
600796,钱江生化,19970408,866585800,309477900
600797,浙大网新,19970418,1027526400,1027526400
600798,宁波海运,19970423,1206534200,1206534200
600800,渤海化学,19931206,1110045200,1109730200
600801,华新水泥,19940103,1344275600,1344275600
600802,福建水泥,19940103,458248399,458248399
600803,新奥股份,19940103,3097087600,3073367600
600805,悦达投资,19940103,850894500,850275399
600807,济高发展,19940103,884634700,787018500
600808,马钢股份,19940106,5989174600,5967751200
600809,山西汾酒,19940106,1219964200,1219964200
600810,神马股份,19940106,1015110399,1005284400
600812,华北制药,19940114,1715730400,1715730400
600814,杭州解百,19940114,735105600,729492100
600815,厦工股份,19940128,1774094500,1774094500
600816,建元信托,19940128,9844448300,5469137900
600817,XD宇通重,19940128,533304300,527249300
600818,中路股份,19940128,321447900,321447900
600819,耀皮玻璃,19940128,934916100,934916100
600820,隧道股份,19940128,3144096100,3144096100
600821,金开新能,19940128,1997263500,1997263500
600822,上海物贸,19940204,495972900,495972900
600824,益民集团,19940204,1054027100,1054027100
600825,新华传媒,19940204,1044887899,1044887899
600826,兰生股份,19940204,735533500,735533500
600827,百联股份,19940204,1784168100,1784168100
600828,茂业商业,19940224,1731982500,1731360200
600829,人民同泰,19940224,579888600,579888600
600830,香溢融通,19940224,454322699,454322699
600831,ST广网,19940224,710947000,710947000
600833,XD第一医,19940224,223086300,223086300
600834,申通地铁,19940224,477381900,477381900
600835,上海机电,19940224,1022739299,1022739299
600838,上海九百,19940224,400882000,400882000
600839,四川长虹,19940311,4616244200,4614958600
600841,动力新科,19940311,1387821800,1387821800
600843,上工申贝,19940311,713166500,713166500
600844,金煤科技,19940311,1016524200,1016524200
600845,宝信软件,19940311,2883803900,2857590500
600846,同济科技,19940311,624761500,624761500
600847,万里股份,19940324,153287400,153287400
600848,上海临港,19940324,2522487000,2522487000
600850,电科数字,19940324,686175800,613658000
600851,海欣股份,19940404,1207056700,1207056700
600853,龙建股份,19940404,1014031700,1011441799
600854,春兰股份,19940425,519458500,519458500
600855,航天长峰,19940425,468542699,467639700
600857,宁波中百,19940425,224319900,224319900
600858,银座股份,19940506,520066600,517548000
600859,王府井,19940506,1123931400,1123828100
600860,京城股份,19940506,447486000,442266000
600861,北京人力,19940520,566112700,366574800
600862,中航高科,19940520,1393049100,1393049100
600863,内蒙华电,19940520,6526887800,6526887800
600864,哈投股份,19940809,2080570500,2080570500
600865,百大集团,19940809,376240300,376240300
600866,星湖科技,19940818,1661472600,1255769300
600867,通化东宝,19940824,1958542800,1958542800
600868,梅雁吉祥,19940912,1898148700,1898148700
600869,远东股份,19950206,2219352700,2219352700
600871,石化油服,19950411,13547012400,13547012400
600872,中炬高新,19950124,778991200,770988000
600873,梅花生物,19950217,2852788800,2852788800
600874,创业环保,19950630,1230418100,1230418100
600875,东方电气,19951010,3050360300,2023579100
600876,凯盛新能,19951031,395675000,395675000
600877,电科芯片,19951013,1184059500,1184059500
600879,航天电子,19951115,3299299300,3299299300
600880,博瑞传播,19951115,1093332100,1093030200
600881,亚泰集团,19951115,3232151000,3232151000
600882,妙可蓝多,19951206,512053600,512053600
600883,博闻科技,19951208,236088000,236088000
600884,杉杉股份,19960130,2249412900,1757236500
600885,宏发股份,19960205,1459747100,1459747100
600886,国投电力,19960118,8004494300,7454179800
600887,伊利股份,19960312,6325360699,6293929700
600888,新疆众和,19960215,1403711600,1403711600
600889,南京化纤,19960308,366346000,366346000
600892,*ST大晟,19960315,559464200,559319500
600893,航发动力,19960408,2665594200,2665124800
600894,广日股份,19960328,851678400,843144400
600895,张江高科,19960422,1548689600,1548689600
600897,厦门空港,19960531,416934000,416934000
600900,长江电力,20031118,24468217700,24007256500
600901,江苏金租,20180301,5792379800,5789948400
600903,贵州燃气,20171107,1150008600,1150008600
600905,XD三峡能,20210610,28587650099,28587650099
600906,财达证券,20210507,3245000000,2124235000
600908,无锡银行,20160923,2194681700,1999312700
600909,华安证券,20161206,4678400100,4678400100
600916,中国黄金,20210205,1680000000,1680000000
600917,重庆燃气,20140930,1561039800,1561039800
600918,中泰证券,20200603,6968625800,3972809800
600919,江苏银行,20160802,18351324500,18351324500
600925,苏能股份,20230329,6888888900,1606048599
600926,杭州银行,20161027,7249002500,7249002500
600927,永安期货,20211223,1455555600,1455555600
600928,西安银行,20190301,4444444400,4423354100
600929,雪天盐业,20180326,1640711700,1639625500
600930,华电新能,20250716,40968944200,2505175300
600933,爱柯迪,20171117,985121700,977369700
600935,华塑股份,20211126,3594738100,3507401800
600936,广西广电,20160815,1671026200,1671026200
600938,中国海油,20220421,2990000000,2990000000
600939,重庆建工,20170221,1901806600,1901806600
600941,中国移动,20220105,902767899,902767899
600955,维远股份,20210915,550000000,550000000
600956,新天绿能,20200629,2366688700,2348088700
600958,东方证券,20150323,7469482900,7469482900
600959,江苏有线,20150428,5000717700,5000717700
600960,渤海汽车,20040407,950515500,950515500
600961,株冶集团,20040830,1072872700,751812400
600962,国投中鲁,20040622,262210000,262210000
600963,岳阳林纸,20040525,1757567900,1757567900
600965,福成股份,20040713,818701000,818701000
600966,博汇纸业,20040608,1336844300,1336844300
600967,内蒙一机,20040518,1701794700,1701794700
600968,海油发展,20190626,10165104200,10165104200
600969,郴电国际,20040408,370050500,370050500
600970,中材国际,20050412,2639958000,2251856800
600971,恒源煤电,20040817,1200004900,1200004900
600973,宝胜股份,20040802,1371366200,1371366200
600975,新五丰,20040609,1261292000,1016956100
600976,健民集团,20040419,153398600,153298600
600977,中国电影,20160809,1867000000,1867000000
600979,广安爱众,20040906,1261657000,1232259800
600980,北矿科技,20040512,189263500,187794800
600981,汇鸿集团,20040630,2242433200,2242433200
600982,宁波能源,20040706,1117627500,1117627500
600983,惠而浦,20040727,766439000,766439000
600984,建设机械,20040707,1257043900,1257043900
600985,淮北矿业,20040428,2693258700,2693258700
600986,浙文互联,20040426,1487374100,1487374100
600987,航民股份,20040809,1020818900,1020818900
600988,赤峰黄金,20040414,1663911400,1663911400
600989,宝丰能源,20190516,7333360000,7333360000
600990,四创电子,20040510,271075100,269012700
600992,贵绳股份,20040514,245090000,245090000
600993,马应龙,20040517,431053900,430307000
600995,南网储能,20040615,3196005800,1109101600
600996,贵广网络,20161226,1246799900,1246799900
600997,开滦股份,20040602,1587799900,1587799900
600998,九州通,20101102,5042470200,5042470200
600999,招商证券,20091117,7422005300,7422005300
601000,唐山港,20100705,5925928600,5925928600
601001,晋控煤业,20060623,1673700000,1673700000
601002,晋亿实业,20070126,954440700,954440700
601003,柳钢股份,20070227,2562793200,2562793200
601005,重庆钢铁,20070228,8313636600,8313636600
601006,大秦铁路,20060801,20147177700,20147177700
601007,金陵饭店,20070406,390000000,390000000
601008,连云港,20070426,1240638000,1240638000
601009,南京银行,20070719,12363567200,12363567200
601010,文峰股份,20110603,1848000000,1848000000
601011,宝泰隆,20110309,1915664500,1915664500
601012,隆基绿能,20120411,7578059700,7578052200
601015,陕西黑猫,20141105,2042497600,2042497600
601016,节能风电,20140929,6473391800,5966845500
601018,宁波港,20100928,19454388400,15807417400
601019,山东出版,20171122,2086900000,2086900000
601020,华钰矿业,20160316,819964700,819964700
601021,春秋航空,20150121,978333400,978333400
601022,宁波远洋,20221208,1308633300,248633300
601033,永兴股份,20240118,900000000,240000000
601038,一拖股份,20120808,731705300,731705300
601058,赛轮轮胎,20110630,3288100300,3288100300
601059,信达证券,20230201,3243000000,691600000
601061,中信金属,20230410,4900000000,501153800
601065,江盐集团,20230410,642776100,416256100
601066,中信建投,20180620,6495671000,6495671000
601068,中铝国际,20180831,2588360300,2559590700
601069,西部黄金,20150122,910999100,683992800
601077,渝农商行,20191029,8843664000,8837700300
601083,锦江航运,20231205,1294120000,194120000
601086,国芳集团,20170929,666000000,666000000
601088,中国神华,20071009,16491038000,16491038000
601089,福元医药,20220630,480000000,480000000
601096,宏盛华源,20231222,2675155100,1642976500
601098,中南传媒,20101028,1796000000,1796000000
601099,太平洋,20071228,6816316400,6816316400
601100,恒立液压,20111028,1340821000,1340821000
601101,昊华能源,20100331,1439997900,1439997900
601106,中国一重,20100209,6857782900,6857782900
601107,四川成渝,20090727,2162740000,2162740000
601108,财通证券,20171024,4643761500,4643761500
601111,中国国航,20060818,12492810300,11638109500
601113,华鼎股份,20110509,1104152200,1104152200
601116,三江购物,20110302,547678400,547678400
601117,中国化学,20100107,6106877400,6069580800
601118,海南橡胶,20110107,4279427800,4279427800
601121,宝地矿业,20230310,800000000,380000000
601126,四方股份,20101231,833268000,818853700
601127,赛力斯,20160615,1633366099,1509782200
601128,常熟银行,20160930,3316506599,3316506599
601133,柏诚股份,20230410,528018399,147500000
601136,首创证券,20221222,2733333800,481483800
601137,博威合金,20110127,813406600,812446600
601138,工业富联,20180608,19859467600,19858182100
601139,深圳燃气,20091225,2876741300,2876741300
601155,新城控股,20151204,2255622900,2255622900
601156,东航物流,20210609,1587555600,944595600
601158,重庆水务,20100329,4800018500,4800018500
601162,天风证券,20181019,10141772200,8665757500
601163,三角轮胎,20160909,800000000,800000000
601166,兴业银行,20070205,21162845099,21162845099
601168,西部矿业,20070712,2383000000,2383000000
601169,北京银行,20070919,21142984300,21142984300
601177,杭齿前进,20101011,407975000,400060000
601179,中国西电,20100128,5125882400,5125882400
601186,中国铁建,20080310,11503245500,11503245500
601187,厦门银行,20201027,2639127900,1284046000
601188,龙江交通,20100319,1315878599,1315878599
601198,东兴证券,20150226,3232445500,3232445500
601199,江南水务,20110317,935210300,935210300
601200,上海环境,20170331,1346230300,1346230300
601208,东材科技,20110520,963674200,963674200
601211,国泰海通,20150626,14123166000,13493993300
601212,白银有色,20170215,7404774500,7404774500
601216,君正集团,20110222,8438017400,8438017400
601218,吉鑫科技,20110506,969033500,969033500
601222,林洋能源,20110808,2060169200,2060169200
601225,陕西煤业,20140128,9695000000,9695000000
601226,华电科工,20141211,1165722300,1162223700
601228,广州港,20170329,7544531400,7544531400
601229,上海银行,20161116,14208995000,14208995000
601231,环旭电子,20120220,2196393300,2196393300
601233,桐昆股份,20110518,2404779800,2395898100
601236,红塔证券,20190705,4716787700,4716787700
601238,广汽集团,20120329,7383697600,7383697600
601279,英利汽车,20210415,1585786000,1585786000
601288,农业银行,20100715,319244210800,319244210800
601298,青岛港,20190121,5392075000,5392075000
601311,骆驼股份,20110602,1173146100,1173146100
601318,中国平安,20070301,10762657700,10762657700
601319,中国人保,20181116,35497756600,35497756600
601326,秦港股份,20170816,4757559000,4757559000
601328,交通银行,20070515,53351921600,39250864000
601330,绿色动力,20180611,989093600,989093600
601333,广深铁路,20061222,5652237000,5652237000
601336,新华保险,20111216,2085439300,2085439300
601339,百隆东方,20120612,1499569000,1499569000
601360,三六零,20120116,6999557900,6999557900
601366,利群股份,20170412,913932899,913932899
601368,绿城水务,20150612,882973100,882973100
601369,陕鼓动力,20100428,1723474500,1705796000
601375,中原证券,20170103,3447519699,3447519699
601377,兴业证券,20101013,8635987300,8635987300
601388,怡球资源,20120423,2201222600,2201222600
601390,中国中铁,20071203,20533618900,20474857900
601398,工商银行,20061027,269612212500,269612212500
601399,国机重装,20200608,7213555900,7213555900
601456,国联民生,20200731,5237952800,2389133200
601500,通用股份,20160919,1589315700,1583000700
601512,中新集团,20191220,1498890000,1498890000
601515,东峰集团,20120216,1876525500,1876525500
601518,吉林高速,20100319,1890553200,1890553200
601519,大智慧,20110128,1989160000,1989160000
601528,瑞丰银行,20210625,1962161400,1734456500
601555,东吴证券,20111212,4968702800,4968702800
601566,九牧王,20110530,574637200,574637200
601567,三星医疗,20110615,1405251200,1405209400
601568,北元集团,20201020,3972222199,3972222199
601577,长沙银行,20180926,4021553800,4020683600
601579,会稽山,20140825,479463399,479463399
601588,北辰实业,20061016,2660000000,2660000000
601595,上海电影,20160817,448200000,448200000
601598,中国外运,20190118,5255916899,5255916899
601599,浙文影业,20110527,1160542500,1160542500
601600,中国铝业,20070430,13211666100,13165622400
601601,中国太保,20071225,6845041500,6845041500
601606,长城军工,20180806,724228400,724228400
601607,上海医药,19940324,2789289099,2789207500
601608,中信重工,20120706,4579553400,4550567900
601609,金田股份,20200422,1703688599,1703688599
601611,中国核建,20160606,3013834200,3013834200
601615,明阳智能,20190123,2271496700,2271496700
601616,广电电气,20110201,853675300,853675300
601618,中国中冶,20090921,17852619200,17852619200
601619,嘉泽新能,20170720,2434364600,2434364600
601628,中国人寿,20070109,20823530000,20823530000
601633,长城汽车,20110928,6240170300,6209242000
601636,旗滨集团,20110812,2683575600,2683575600
601658,邮储银行,20191210,100238886500,67122395199
601665,齐鲁银行,20210618,6153842500,6153842500
601666,平煤股份,20061123,2469356000,2469356000
601668,中国建筑,20090729,41320390400,41320390400
601669,中国电建,20111018,17226159300,13071525900
601677,明泰铝业,20110919,1243523600,1218006600
601678,滨化股份,20100223,2056836300,2029836300
601686,友发集团,20201204,1449303800,1449303800
601688,华泰证券,20100226,7308256600,7306758100
601689,拓普集团,20150319,1737835600,1737835600
601696,XD中银证,20200226,2778000000,2778000000
601698,中国卫通,20190628,4224385400,4224385400
601699,潞安环能,20060922,2991409200,2991409200
601700,风范股份,20110118,1142246700,1142246700
601702,华峰铝业,20200907,998530600,998530600
601717,中创智领,20100803,1542165700,1542165700
601718,际华集团,20100816,4391629400,4391629400
601727,上海电气,20081205,12615639600,12615639600
601728,中国电信,20210820,77629728700,77629728700
601766,中国中车,20080818,24327798000,24327798000
601777,千里科技,20101125,4521100100,4521100100
601778,晶科科技,20200519,3570974099,3570974099
601788,光大证券,20090818,3906698800,3906698800
601789,宁波建工,20110816,1086798600,1086798600
601798,蓝科高新,20110622,354528200,354528200
601799,星宇股份,20110201,285679400,285679400
601800,中国交建,20120309,11860135400,11778437200
601801,皖新传媒,20100118,1957931200,1957931200
601808,中海油服,20070928,2960468000,2960468000
601811,新华文轩,20160808,791903900,791903900
601816,京沪高铁,20200116,48925679400,48925679400
601818,光大银行,20100818,46406815599,46406815599
601825,沪农商行,20210819,9644444400,9316583600
601827,三峰环境,20200605,1671933299,1671933299
601828,美凯龙,20180117,3613447000,3613447000
601838,成都银行,20180131,4238435400,4231058200
601857,中国石油,20071105,161922077800,161922077800
601858,中国科传,20170118,790500000,790500000
601860,紫金银行,20190103,3660986400,3551570100
601865,福莱特,20190215,1901205200,1900205200
601866,中远海发,20071212,9751983800,9751983800
601868,中国能建,20210928,32428727599,32428727599
601869,长飞光纤,20180720,406338300,406338300
601872,招商轮船,20061201,8074538500,8074538500
601877,正泰电器,20100121,2148969000,2148969000
601878,XD浙商证,20170626,4573796600,4573796600
601880,辽港股份,20101206,18746758700,18746758700
601881,中国银河,20170123,7243417600,7243417600
601882,海天精工,20161107,522000000,522000000
601886,江河集团,20110818,1133002100,1133002100
601888,中国中免,20091015,1952475500,1952475500
601890,亚星锚链,20101228,959400000,959400000
601898,中煤能源,20080201,9152000400,9152000400
601899,紫金矿业,20080425,20588733900,20587938300
601900,南方传媒,20160215,881970100,881970100
601901,方正证券,20110810,8232101400,8232101400
601908,京运通,20110908,2414602900,2414602900
601916,浙商银行,20191126,21544436000,21544436000
601918,新集能源,20071219,2590541800,2590541800
601919,中远海控,20070626,12609935200,12609935200
601921,浙版传媒,20210723,2222222200,2222222200
601928,凤凰传媒,20111130,2544900000,2544900000
601929,吉视传媒,20120223,3489788200,3489788200
601933,永辉超市,20101215,9075037000,9075037000
601939,建设银行,20070925,21183061600,9593657600
601949,中国出版,20170821,1903968100,1903968100
601952,苏垦农发,20170515,1378000000,1378000000
601956,东贝集团,20201225,621782000,621616600
601958,金钼股份,20080417,3226604400,3226604400
601963,重庆银行,20210205,1895564500,1879401300
601965,中国汽研,20120611,1003054900,993996600
601966,玲珑轮胎,20160706,1463502700,1463502700
601968,宝钢包装,20150611,1275779500,1275779500
601969,海南矿业,20141209,1998792200,1978096000
601975,招商南油,20190108,4801856100,4801856100
601985,中国核电,20150610,20568002100,18883284900
601988,中国银行,20060705,238590135400,210765514800
601989,中国重工,20091216,22802035299,22802035299
601990,南京证券,20180613,3686361000,3659788800
601991,大唐发电,20061220,12396089100,12396089100
601992,金隅集团,20110301,8339006300,8334158300
601995,中金公司,20201102,2923542400,2923542400
601996,丰林集团,20110929,1120914400,1120914400
601997,贵阳银行,20160816,3656198100,3656198100
601998,中信银行,20070427,40762999300,40762999300
601999,出版传媒,20071221,550914700,550914700
603000,人民网,20120427,1105691100,1105691100
603001,奥康国际,20120426,400980000,400980000
603002,宏昌电子,20120518,1134078500,1134078500
603004,鼎龙科技,20231227,235520000,58880000
603005,晶方科技,20140210,652171700,652171700
603006,联明股份,20140630,254254300,254254300
603007,*ST花王,20160826,876896100,499830800
603008,喜临门,20120717,371441500,371441500
603009,北特科技,20140718,338526200,338409000
603010,万盛股份,20141010,589578600,589578600
603011,合锻智能,20141107,494414400,494414400
603012,创力集团,20150320,650472000,646500000
603013,亚普股份,20180509,512599300,512599300
603014,威高血净,20250519,411394100,38112600
603015,弘讯科技,20150303,404219000,404219000
603016,新宏泰,20160701,148160000,148160000
603017,中衡设计,20141231,276190300,276190300
603018,华设集团,20141013,683795200,683795200
603019,中科曙光,20141106,1463115799,1462706900
603020,爱普股份,20150325,383237800,383237800
603021,ST华鹏,20150423,319948100,319948100
603022,新通联,20150518,200000000,200000000
603023,威帝股份,20150527,558117400,558117400
603025,大豪科技,20150422,1116654800,1109174800
603026,石大胜华,20150529,202680000,202680000
603027,千禾味业,20160307,1025481100,961242600
603028,赛福天,20160331,287040000,287040000
603029,天鹅股份,20160427,121342000,121342000
603030,全筑股份,20150320,1316933500,1316933500
603031,安孚科技,20160822,211120000,211120000
603032,德新科技,20170105,233514700,231663000
603033,三维股份,20161207,1031163600,1012531000
603035,常熟汽饰,20170105,380030899,380030899
603036,如通股份,20161209,206006000,206006000
603037,凯众股份,20170120,268074600,266614400
603038,华立股份,20170116,268677100,268677100
603039,泛微网络,20170113,260603100,260603100
603040,新坐标,20170209,136486900,135063400
603041,美思德,20170330,183147700,183147700
603042,华脉科技,20170602,160589800,160589800
603043,广州酒家,20170627,568770800,568770800
603045,福达合金,20180517,135445200,135445200
603048,浙江黎明,20211116,146880000,146880000
603049,中策橡胶,20250605,874485600,84823400
603050,科林电气,20170414,403319200,403319200
603051,鹿山新材,20220325,145967400,145967400
603052,可川科技,20221011,187897300,56459700
603053,成都燃气,20191217,888890000,888890000
603055,台华新材,20170921,890292600,885452600
603056,德邦股份,20180116,1019815399,1019815399
603057,紫燕食品,20220926,413513800,68061900
603058,永吉股份,20161223,419894400,418843800
603059,倍加洁,20180302,100448700,100448700
603060,国检集团,20161109,803958500,803958500
603061,金海通,20230303,60000000,41826300
603062,麦加芯彩,20231107,108000000,37886400
603063,禾望电气,20170728,457277300,457277300
603065,宿迁联盛,20230321,418967600,196673500
603066,音飞储存,20150611,294180100,294180100
603067,振华股份,20160913,710760300,710760300
603068,博通集成,20190415,150425000,150425000
603069,海汽集团,20160712,316000000,316000000
603070,万控智造,20220310,401000000,395416900
603071,物产环能,20211216,557954400,557954400
603072,天和磁材,20250103,264280000,66070000
603073,彩蝶实业,20230316,116000000,50892800
603075,热威股份,20230911,402483100,41245100
603076,乐惠国际,20171113,120701299,120701299
603077,和邦生物,20120731,8831383200,8831383200
603078,江化微,20170410,385637200,385637200
603079,圣达生物,20170823,189029600,171189000
603080,新疆火炬,20180103,141500000,141500000
603081,大丰实业,20170420,433392900,433392900
603082,北自科技,20240130,162227500,40556900
603083,剑桥科技,20171110,268019800,268019800
603085,天成自控,20150630,397100000,397100000
603086,先达股份,20170511,434813100,434813100
603087,甘李药业,20200629,601065300,561398600
603088,宁波精达,20141111,502388000,437871800
603089,正裕工业,20170126,240033300,240033300
603090,宏盛股份,20160831,100000000,100000000
603091,众鑫股份,20240920,102238799,20447800
603093,南华期货,20190830,610065900,610065900
603095,越剑智能,20200415,258269199,258269199
603096,新经典,20170425,154234600,154234600
603097,江苏华辰,20220512,164435000,160000000
603098,森特股份,20161216,539700000,538800000
603099,长白山,20140822,266670000,266670000
603100,川仪股份,20140805,513201500,510000600
603101,汇嘉时代,20160506,470400000,470400000
603102,百合股份,20220125,64000000,64000000
603103,横店影视,20171012,634200000,634200000
603105,芯能科技,20180709,500007000,500007000
603106,恒银科技,20170920,520520000,520520000
603107,上海汽配,20231101,337335000,218174000
603108,润达医疗,20150527,603665600,603665600
603109,神驰机电,20191231,208848400,208848400
603110,东方材料,20171013,201226699,201226699
603111,康尼机电,20140801,868068200,845704700
603112,华翔股份,20200917,539170600,505198700
603113,金能科技,20170511,847955800,847955800
603115,海星股份,20190809,241890400,241890400
603116,红蜻蜓,20150629,576200800,576200800
603117,万林物流,20150629,599197700,599197700
603118,共进股份,20150225,787276400,787276400
603119,浙江荣泰,20230801,363742200,203879500
603120,肯特催化,20250416,90400000,22143800
603121,华培动力,20190111,338533700,338533700
603122,合富中国,20220216,398052600,398052600
603123,翠微股份,20120503,798736700,652275900
603124,江南新材,20250320,145745200,28637500
603125,常青科技,20230410,404836400,101214400
603126,中材节能,20140731,610500000,610500000
603127,昭衍新药,20170825,630482100,630482100
603128,华贸物流,20120529,1309046500,1309046500
603129,春风动力,20170818,152577700,152577700
603130,云中马,20221118,137514200,51063500
603131,上海沪工,20160607,317992200,317992200
603132,金徽股份,20220222,978000000,978000000
603135,中重科技,20230410,629538100,252657200
603136,天目湖,20170927,270126700,270126700
603137,恒尚节能,20230419,182933300,73733300
603138,海量数据,20170306,293872700,283117000
603139,康惠制药,20170421,99880000,99880000
603150,万朗磁塑,20220124,85483000,85483000
603151,邦基科技,20221019,170624900,83456900
603153,上海建科,20230313,409861100,135000000
603155,新亚强,20200901,315786800,315786800
603156,养元饮品,20180212,1260277600,1260277600
603158,腾龙股份,20150320,490799300,490799300
603159,上海亚虹,20160812,140000000,140000000
603160,汇顶科技,20161017,462231200,462231200
603161,科华控股,20180105,194407700,190748800
603162,海通发展,20230329,925580500,275895900
603163,圣晖集成,20221013,100000000,35002800
603165,荣晟环保,20170117,272623700,272623700
603166,福达股份,20141127,646208700,639008700
603167,渤海轮渡,20120906,469144500,469144500
603168,莎普爱思,20140702,375925000,322592500
603169,兰石重装,20141009,1306291800,1306291800
603170,宝立食品,20220715,400010000,400010000
603171,税友股份,20210630,406345000,405890000
603172,万丰股份,20230510,133380000,50080000
603173,福斯达,20230130,160000000,49540000
603176,汇通集团,20211231,474347600,461812600
603177,德创环保,20170207,206154000,204192000
603178,圣龙股份,20170328,236411900,236411900
603179,新泉股份,20170317,487304200,487304200
603180,金牌家居,20170512,154257100,154257100
603181,皇马科技,20170824,588700000,588700000
603182,嘉华股份,20220909,164550000,93078700
603183,建研院,20170905,497153300,497153300
603185,弘元绿能,20181228,679022200,679022200
603186,华正新材,20170103,142012100,142012100
603187,海容冷链,20181129,386416100,386416100
603188,亚邦股份,20140909,570170000,570170000
603189,网达软件,20160914,269548300,269548300
603190,亚通精工,20230217,120000000,40519500
603191,望变电气,20220428,332353399,330037400
603192,汇得科技,20180828,141153700,138666700
603193,润本股份,20231017,404593300,103336299
603194,中力股份,20241224,401000000,51455100
603195,公牛集团,20200206,1808587700,1800728200
603196,日播时尚,20170531,236988300,236988300
603197,保隆科技,20170519,213622700,213622700
603198,迎驾贡酒,20150528,800000000,800000000
603199,九华旅游,20150326,110680000,110680000
603200,上海洗霸,20170601,175480099,175480099
603201,常润股份,20220729,190038500,187573100
603202,天有为,20250424,160000000,32543700
603203,快克智能,20161108,253661100,249153300
603205,健尔康,20241107,156000000,39000000
603206,嘉环科技,20220506,305200000,305200000
603207,小方制药,20240826,160560000,40000000
603208,江山欧派,20170210,177172700,177172700
603209,兴通股份,20220324,325000000,280000000
603210,泰鸿万立,20250409,340400000,73587600
603211,晋拓股份,20220725,271808000,271808000
603212,赛伍技术,20200430,437490600,437490600
603213,镇洋发展,20211111,441812699,441812699
603214,爱婴室,20180330,138540000,138540000
603215,比依股份,20220218,187948000,187228400
603216,梦天家居,20211215,222690000,222690000
603217,元利科技,20190620,208087599,208087599
603218,日月股份,20161228,1030416300,1028036300
603219,富佳股份,20211122,561400000,561400000
603220,中贝通信,20181115,434252699,434252699
603221,爱丽家居,20200323,244580000,242270000
603222,济民健康,20150217,525090600,525090600
603223,恒通股份,20150630,714187000,714187000
603225,新凤鸣,20170418,1524654600,1511771600
603226,菲林格尔,20170615,355491800,355491800
603227,雪峰科技,20150515,1071692700,974075500
603228,景旺电子,20170106,945159299,935755000
603229,奥翔药业,20170509,830297100,830297100
603230,内蒙新华,20211224,353523000,353523000
603231,索宝蛋白,20231215,191459100,106266000
603232,格尔软件,20170421,234150000,231300000
603233,大参林,20170731,1138847900,1138847900
603235,天新药业,20220712,437780000,147065200
603236,移远通信,20190716,261657700,261657700
603237,五芳斋,20220831,197125900,121875600
603238,诺邦股份,20170222,177509000,177509000
603239,浙江仙通,20161230,270720000,270720000
603255,鼎际得,20220818,134611700,60675200
603256,宏和科技,20190719,879727500,879727500
603257,中国瑞林,20250408,120000000,24400200
603258,电魂网络,20161026,244015700,241249000
603259,药明康德,20180508,2485141100,2485141100
603260,XD合盛硅,20171030,1182206900,1182206900
603261,*ST立航,20220315,77907600,77505000
603262,技源集团,20250723,400010000,38802600
603266,天龙股份,20170110,198886800,198886800
603267,鸿远电子,20190515,231080900,231080900
603268,*ST松发,20150319,861697300,124168799
603269,海鸥股份,20170517,308751800,308751800
603270,金帝股份,20230901,219106699,70716700
603271,永杰新材,20250311,196720000,38570400
603272,联翔股份,20220520,103627000,103627000
603273,天元智能,20231023,214313400,56058400
603275,众辰科技,20230823,148771900,41942500
603276,恒兴新材,20230925,207649500,77649500
603277,银都股份,20170911,613699300,609746000
603278,大业股份,20171113,341759400,341759400
603279,景津装备,20190729,576457000,576373000
603280,南方路机,20221108,108406700,27941700
603281,江瀚新材,20230131,373333300,251693900
603282,亚光股份,20230315,133820000,64184500
603283,赛腾股份,20171225,278590800,271716800
603285,键邦股份,20240705,160000000,62296800
603286,日盈电子,20170627,117423900,115414800
603288,海天味业,20140211,5560600500,5560600500
603289,泰瑞机器,20171031,293374600,293374600
603290,斯达半导,20200204,239473500,239473500
603291,联合水务,20230327,423220600,129943100
603296,华勤技术,20230808,1015754600,571430900
603297,永新光学,20180910,110936700,110729100
603298,杭叉集团,20161227,1309812000,1309812000
603299,苏盐井神,20151231,781658200,777247500
603300,海南华铁,20150529,1996257900,1996257900
603301,振德医疗,20180412,266451200,266451200
603303,得邦照明,20170330,476944600,476944600
603305,旭升集团,20170710,953317300,953317300
603306,华懋科技,20140926,329060500,329060500
603307,扬州金泉,20230216,67877000,17000000
603308,应流股份,20140122,679036400,679036400
603309,维力医疗,20150302,292868000,291871400
603310,巍华新材,20240814,345340000,184560000
603311,金海高科,20150518,235883900,235883900
603312,西典新能,20240111,161600000,52520000
603313,梦百合,20161013,570586900,570586900
603315,福鞍股份,20150424,320426300,313726300
603316,诚邦股份,20170619,264264000,264264000
603317,天味食品,20190416,1064996300,1064996300
603318,水发燃气,20150424,459070899,383544600
603319,美湖股份,20161130,339149700,339149700
603320,迪贝电气,20170502,149146200,149146200
603321,梅轮电梯,20170915,349049500,302515000
603322,超讯通信,20160728,157586800,157586800
603323,苏农银行,20161129,2018541400,2018541400
603324,盛剑科技,20210407,149074100,149074100
603325,博隆技术,20240110,80004000,34183200
603326,我乐家居,20170616,319176900,319176900
603327,福蓉科技,20190523,997493000,997493000
603328,依顿电子,20140701,998442600,998442600
603329,上海雅仕,20171229,206383100,206383100
603330,天洋新材,20170213,432673600,432673600
603331,百达精工,20170705,202175600,202175600
603332,苏州龙杰,20190117,216347200,216347200
603333,尚纬股份,20120507,621527600,621527600
603335,迪生力,20170620,428144600,428144600
603336,宏辉果蔬,20161124,570409900,570409900
603337,杰克股份,20170119,476427300,471039300
603338,浙江鼎力,20150325,506347900,506347900
603339,四方科技,20160519,309441200,309441200
603341,龙旗科技,20240301,469381500,266212800
603344,星德胜,20240320,194531000,54031000
603345,安井食品,20170222,293294200,293294200
603348,文灿股份,20180426,314477200,314477200
603350,安乃达,20240703,116415000,44000000
603351,威尔药业,20190130,135439100,135439100
603353,和顺石油,20200407,171906000,170418000
603355,莱克电气,20150513,573481900,571139400
603356,华菱精工,20180124,133340000,133340000
603357,设计总院,20170801,560577900,555603000
603358,华达科技,20170125,469743100,439040000
603359,东珠生态,20170901,446096000,446096000
603360,百傲化学,20170206,706223700,706223700
603363,傲农生物,20170926,2602961800,1597961800
603365,水星家纺,20171120,262633500,259802300
603366,日出东方,20120521,813048100,813048100
603367,辰欣药业,20170929,452754100,452754100
603368,柳药集团,20141204,397168900,397168900
603369,今世缘,20140703,1246800000,1246800000
603373,安邦护卫,20231220,107526900,45430100
603375,盛景微,20240124,100666700,63780900
603377,ST东时,20160205,714873100,714873100
603378,亚士创能,20170928,428596600,428596600
603379,三美股份,20190402,610479000,610479000
603380,易德龙,20170622,160441200,160441200
603381,永臻股份,20240626,237256300,142137700
603382,海阳科技,20250612,181251400,35520900
603383,顶点软件,20170522,205387000,204498000
603385,惠达卫浴,20170405,380665000,380665000
603386,骏亚科技,20170912,326322600,326322600
603387,基蛋生物,20170717,507153500,507153500
603388,*ST元成,20170324,325733600,325733600
603389,*ST亚振,20161215,262752000,262752000
603390,通达电气,20191125,351652000,349755300
603391,力聚热能,20240731,91000000,22750000
603392,万泰生物,20200429,1265122800,1265122800
603393,新天然气,20160912,423921300,423221300
603395,红四方,20241126,260000000,53596500
603396,金辰股份,20171018,138527500,138527500
603398,*ST沐邦,20151209,433641500,433641500
603399,永杉锂业,20120824,512290600,512290600
603400,华之杰,20250620,100000000,19597600
603406,天富龙,20250808,400010000,35539900
603408,建霖家居,20200730,447573000,447573000
603409,汇通控股,20250304,126030000,30875900
603416,信捷电气,20161221,157138600,139505000
603421,鼎信通讯,20161011,652190500,652190500
603429,集友股份,20170124,524485500,524485500
603439,贵州三力,20200428,409802200,403840199
603444,吉比特,20170104,72041100,72041100
603456,九洲药业,20141010,889446000,889446000
603458,勘设股份,20170809,306124500,306124500
603466,风语筑,20171020,594785900,594785900
603477,巨星农牧,20171218,510070300,510070300
603486,科沃斯,20180528,574806300,569202000
603488,展鹏科技,20170516,291990400,291990400
603489,八方股份,20191111,234618000,234618000
603496,恒为科技,20170607,320209200,320209200
603499,翔港科技,20171016,302594400,302594400
603500,祥和实业,20170904,332800000,331833500
603501,豪威集团,20170504,1206010600,1206010600
603505,金石资源,20170503,841668800,841668800
603506,南都物业,20180201,187777800,187777800
603507,振江股份,20171106,184301300,181772300
603508,思维列控,20151224,381274400,381274400
603511,爱慕股份,20210531,404050600,401887300
603515,欧普照明,20160819,743817600,736354800
603516,淳中科技,20180202,203268300,203268300
603517,绝味食品,20170317,606001900,606001900
603518,锦泓集团,20141203,346200199,344052900
603519,立霸股份,20150319,266327800,266327800
603520,司太立,20160309,438409900,438409900
603527,众源新材,20170907,316971200,316971200
603528,多伦科技,20160503,705930100,705930100
603529,爱玛科技,20210615,869048000,847409200
603530,神马电力,20190805,431684600,427464800
603533,掌阅科技,20170921,438896800,438896800
603535,嘉诚国际,20170808,510918200,477694600
603536,惠发食品,20170613,244642300,240532300
603538,美诺华,20170407,220481900,216046600
603551,奥普科技,20200115,390158700,384908700
603556,海兴电力,20161110,486264200,486264200
603557,ST起步,20170818,623436900,623436900
603558,健盛集团,20150127,353183100,353183100
603559,ST通脉,20161202,401277000,401277000
603565,中谷物流,20200925,2100063100,2100063100
603566,普莱柯,20150518,346062300,346062300
603567,珍宝岛,20150424,940996500,939540500
603568,伟明环保,20150528,1704558100,1701474100
603569,长久物流,20160810,603507300,603507300
603577,汇金通,20161222,339139100,339139100
603578,三星新材,20170306,180357000,180357000
603579,荣泰健康,20170111,191284800,191284800
603580,*ST艾艾,20170525,130673200,130673200
603583,捷昌驱动,20180921,382247000,382247000
603585,苏利股份,20161214,186886900,182731900
603586,金麒麟,20170406,196052800,196052800
603587,地素时尚,20180622,474092800,474092800
603588,高能环境,20141229,1523234500,1523234500
603589,口子窖,20150629,598119500,598119500
603590,康辰药业,20180827,159356500,157237500
603595,东尼电子,20170712,232442300,232442300
603596,伯特利,20180427,606510800,606510800
603598,引力传媒,20150527,268462900,267862900
603599,广信股份,20150513,910269299,910269299
603600,永艺股份,20150123,330433200,300038000
603601,再升科技,20150122,1021680399,1021680399
603602,纵横通信,20170810,229338300,229338300
603605,珀莱雅,20171115,396247699,395405100
603606,东方电缆,20141015,687715399,687715399
603607,京华激光,20171025,178516800,178516800
603608,天创时尚,20160218,419715800,419715800
603609,禾丰股份,20140808,912480800,912480800
603610,麒盛科技,20191029,352991600,352991600
603611,诺力股份,20150128,257600800,257600800
603612,索通发展,20170718,498104500,498104500
603613,国联股份,20190730,720537800,720537800
603615,茶花股份,20170213,241820000,241820000
603616,韩建河山,20150611,391318000,381368000
603617,君禾股份,20170703,390471300,383641300
603618,杭电股份,20150217,691375600,691375600
603619,中曼石油,20171117,462338500,462338500
603626,科森科技,20170209,554879700,554879700
603628,清源股份,20170112,273147400,272168400
603629,利通电子,20181224,259930000,256412000
603630,拉芳家化,20170313,225204600,225204600
603633,徕木股份,20161117,426810800,426810800
603636,南威软件,20141230,580360500,580360500
603637,镇海股份,20170208,238685900,238685900
603638,艾迪精密,20170120,831088500,831088500
603639,海利尔,20170112,339878300,339878300
603648,畅联股份,20170913,362412800,362412800
603650,彤程新材,20180627,598962100,595766600
603655,朗博科技,20171229,106000000,106000000
603656,泰禾智能,20170321,183375400,183375400
603657,春光科技,20180730,135190100,135190100
603658,安图生物,20160901,571424800,571424800
603659,璞泰来,20171103,2137165400,2136399100
603660,苏州科达,20161201,536726700,532433300
603661,恒林股份,20171121,139067000,139067000
603662,柯力传感,20190806,281659400,280829900
603663,三祥新材,20160801,423299800,422819800
603665,康隆达,20170313,161111100,160167700
603666,亿嘉和,20180612,205530400,205530400
603667,五洲新春,20161025,366202800,366202800
603668,天马科技,20170117,502335800,502335800
603669,灵康药业,20150528,721245100,721245100
603676,卫信康,20170721,435161500,435161500
603677,奇精机械,20170206,192600900,192600900
603678,火炬电子,20150126,475566600,475566600
603679,华体科技,20170621,164786500,164786500
603680,今创集团,20180227,783718800,783718800
603681,永冠新材,20190326,191131100,191131100
603682,锦和商管,20200421,472500000,472500000
603683,晶华新材,20171020,289634700,258791300
603685,晨丰科技,20171127,169011500,169011500
603686,福龙马,20150126,415430400,415430400
603687,大胜达,20190726,550031900,550031900
603688,石英股份,20141031,541678300,541678300
603689,皖天然气,20170110,490193200,485300199
603690,至纯科技,20170113,383644700,382964300
603693,江苏新能,20180703,891475900,891475900
603696,安记食品,20151209,235200000,235200000
603697,有友食品,20190508,427692100,427692100
603698,航天工程,20150128,535990000,535990000
603699,纽威股份,20140117,768573700,754689900
603700,宁水集团,20190122,201699199,201699199
603701,德宏股份,20160412,261361900,261361900
603703,盛洋科技,20150423,414982100,414982100
603706,东方环宇,20180709,189382700,189382700
603707,健友股份,20170719,1615635000,1615635000
603708,家家悦,20161213,638338700,638338700
603709,中源家居,20180208,126171500,125109300
603711,香飘飘,20171130,412874100,412874100
603712,七一二,20180226,772000000,772000000
603713,密尔克卫,20180713,158127200,158127200
603716,塞力医疗,20161031,209209400,209209400
603717,天域生物,20170327,290146200,290146200
603718,海利生物,20150515,655662200,648979700
603719,良品铺子,20200224,401000000,401000000
603721,*ST天择,20170811,130000000,130000000
603722,阿科力,20171025,95700100,95700100
603725,天安新材,20170906,304857700,286657700
603726,朗迪集团,20160421,185651200,184826200
603727,博迈科,20161122,281719300,281719300
603728,鸣志电器,20170509,418882500,418882500
603729,龙韵股份,20150324,93338000,93338000
603730,岱美股份,20170728,2148583700,2148583700
603733,仙鹤股份,20180420,705976200,705976200
603737,三棵树,20160603,737817500,737817500
603738,泰晶科技,20160928,389322800,389322800
603739,蔚蓝生物,20190116,253028900,253028900
603755,日辰股份,20190828,98613700,98613700
603757,大元泵业,20170711,164829400,164829400
603758,秦安股份,20170517,438797000,438797000
603759,海天股份,20210326,461760000,461760000
603766,隆鑫通用,20120810,2053541900,2053541900
603767,中马传动,20170613,308631500,308631500
603768,常青股份,20170324,237955900,237955900
603773,沃格光电,20180417,224248800,204853700
603776,永安行,20170817,280760600,280760600
603777,来伊份,20161012,334424200,334424200
603778,国晟科技,20151231,656642100,642857100
603779,威龙股份,20160516,332082800,332082800
603786,科博达,20191015,403859300,403856700
603787,新日股份,20170427,230143800,230143800
603788,宁波高发,20150120,223065099,223065099
603789,*ST星农,20150427,270451400,260000000
603790,雅运股份,20180912,191360000,191360000
603797,联泰环保,20170413,584490600,584490600
603798,康普顿,20160406,256449700,256449700
603799,华友钴业,20150129,1701548100,1686354700
603800,洪田股份,20151210,208000000,208000000
603801,志邦家居,20170630,434349800,434349800
603803,瑞斯康达,20170420,424883600,424883600
603806,福斯特,20140905,2608736800,2608736800
603808,歌力思,20150422,369092900,369092900
603809,豪能股份,20171128,859903800,859903800
603810,丰山集团,20180917,165246000,165246000
603811,诚意药业,20170315,327304300,327304300
603813,*ST原尚,20170918,105015000,89942000
603815,交建股份,20191021,618924200,618924200
603816,顾家家居,20161014,821771500,812166200
603817,海峡环保,20170220,570084000,570084000
603818,曲美家居,20150422,686543900,686543900
603819,神力股份,20161125,217730200,217730200
603822,嘉澳环保,20160428,76825900,76825900
603823,百合花,20161220,416367699,411031500
603825,华扬联众,20170802,253336600,253336600
603826,坤彩科技,20170414,655200000,655200000
603828,ST柯利达,20150226,595960200,595939600
603829,洛凯股份,20171017,160008400,160008400
603833,欧派家居,20170328,609152500,609152500
603836,海程邦达,20210526,205235200,205235200
603838,*ST四通,20150701,320016000,320016000
603839,安正时尚,20170214,389034500,389034500
603843,*ST正平,20160905,699623200,699623200
603848,好太太,20171201,402406500,402406500
603855,华荣股份,20170524,337529000,333554000
603856,东宏股份,20171106,282056100,282056100
603858,步长制药,20161118,1054568400,1054568400
603859,能科科技,20161021,244697700,244697700
603860,中公高科,20170802,66680000,66680000
603861,白云电器,20160322,522863200,510921700
603863,松炀资源,20190621,204650000,204650000
603866,桃李面包,20151222,1599719200,1599719200
603867,新化股份,20190627,192890099,192890099
603868,飞科电器,20160418,435600000,435600000
603869,ST智知,20150326,494116600,494116600
603871,嘉友国际,20180206,1368008700,1368008700
603876,鼎胜新材,20180418,929267200,929267200
603877,太平鸟,20170109,471075400,469323300
603878,武进不锈,20161219,561069200,561069200
603879,永悦科技,20170614,359344400,359344400
603880,南卫股份,20170807,289042000,289042000
603881,数据港,20170208,718377000,718377000
603882,金域医学,20170908,463258300,460134600
603883,老百姓,20150423,760095600,758890200
603885,吉祥航空,20150527,2184005300,2184005300
603886,元祖股份,20161228,240000000,240000000
603887,城地香江,20161010,608944400,595279400
603888,新华网,20161028,674738200,674738200
603889,新澳股份,20141231,730490900,720658700
603890,春秋电子,20171212,439066300,439066300
603893,瑞芯微,20200207,420728600,420606100
603895,天永智能,20180122,108080000,108080000
603896,寿仙谷,20170510,198243900,198243900
603897,长城科技,20180410,206435700,206435700
603898,好莱客,20150217,311345100,311345100
603899,晨光股份,20150127,920970399,920970399
603900,莱绅通灵,20161123,343023800,341508800
603901,永创智能,20150529,487673700,480207800
603903,中持股份,20170314,255319500,255319500
603906,龙蟠科技,20170410,565078900,565078900
603908,牧高笛,20170307,93366000,93366000
603909,建发合诚,20160628,260673100,260673100
603912,佳力图,20171101,541832100,541832100
603915,国茂股份,20190614,656632500,656632500
603916,苏博特,20171110,432625199,420325199
603917,合力科技,20171204,203840000,203840000
603918,金桥信息,20150528,365401800,365107500
603919,金徽酒,20160310,507260000,507260000
603920,世运电路,20170426,720592300,720592300
603922,金鸿顺,20171023,179200000,179200000
603926,铁流股份,20170510,234716600,230838600
603927,中科软,20190909,831040000,831040000
603928,兴业股份,20161212,262080000,262080000
603929,亚翔集成,20161230,213360000,213360000
603931,格林达,20200819,199558400,199558400
603933,睿能科技,20170706,207544600,207544600
603936,博敏电子,20151209,630398000,630398000
603937,丽岛新材,20171102,208888700,208888700
603938,三孚股份,20170628,382624500,382624500
603939,益丰药房,20150217,1212417300,1212194900
603948,建业股份,20200302,162489200,162489200
603949,雪龙集团,20200310,211136699,210205300
603950,长源东谷,20200526,324130800,323606800
603955,大千生态,20170310,135720000,135720000
603956,威派格,20190222,569906300,569906300
603958,哈森股份,20160629,219360000,219360000
603959,百利科技,20160517,490299000,490299000
603960,克来机电,20170314,262197900,262197900
603966,法兰泰克,20170125,398700700,397722100
603967,中创物流,20190429,346666700,346666700
603968,醋化股份,20150518,204480000,204480000
603969,银龙股份,20150227,857344000,842903000
603970,中农立华,20171116,268800100,268800100
603976,正川股份,20170822,151203700,151203700
603977,国泰集团,20161111,621241800,621241800
603978,深圳新星,20170807,211094300,211094300
603979,金诚信,20150630,623778800,623778800
603980,吉华集团,20170615,676833400,676833400
603982,泉峰汽车,20190522,339553500,339553500
603983,丸美生物,20190725,401000000,401000000
603985,恒润股份,20170505,440858000,440858000
603986,兆易创新,20160818,664030000,663716000
603987,康德莱,20161121,436790899,436790899
603988,中电电机,20141104,235200000,235200000
603989,艾华集团,20150515,401130600,401130600
603990,麦迪科技,20161208,306282700,306282700
603991,至正股份,20170308,74535000,74535000
603992,松霖科技,20190826,432899600,424755600
603993,洛阳钼业,20121009,17460842200,17460842200
603995,甬金股份,20191224,365617699,365617699
603997,继峰股份,20150302,1268012400,1268012400
603998,方盛制药,20141205,439081400,439081400
603999,读者传媒,20151210,576000000,576000000
605001,威奥股份,20200522,392886000,392886000
605003,众望布艺,20200908,110000000,110000000
605005,合兴股份,20210119,401000000,401000000
605006,山东玻纤,20200903,610967200,600017000
605007,五洲特纸,20201110,476900700,401549800
605008,长鸿高科,20200821,645962400,642380400
605009,豪悦护理,20200911,215067599,214619600
605011,杭州热电,20210630,400100000,400100000
605016,百龙创园,20210421,420012300,420012300
605018,长华集团,20200929,471225800,470065800
605020,永和股份,20210709,470805100,379436600
605028,世茂能源,20210712,160000000,160000000
605033,美邦股份,20210916,135200000,135200000
605050,福然德,20200924,492829200,492829200
605055,迎丰股份,20210129,440000000,440000000
605056,咸亨国际,20210720,410367200,406673200
605058,澳弘电子,20201021,142924000,142924000
605060,联德股份,20210301,240592000,240592000
605066,天正电气,20200807,504750100,502433100
605068,明新旭腾,20201123,162140100,162140100
605069,正和生态,20210816,211697800,84161299
605077,华康股份,20210209,303049800,299429300
605080,浙江自然,20210506,141573000,140351200
605081,*ST太和,20210209,113247099,113247099
605086,龙高股份,20210416,179200000,179200000
605088,冠盛股份,20200817,202818700,199715300
605089,味知香,20210427,138000000,138000000
605090,九丰能源,20210525,666880500,665312200
605098,行动教育,20210421,119251100,119251100
605099,共创草坪,20200930,401642000,400090000
605100,华丰股份,20200811,171132000,169932000
605108,同庆楼,20200716,260000000,260000000
605111,新洁能,20200928,415332600,415332600
605116,奥锐特,20200921,406195199,397511200
605117,德业股份,20210420,904448100,904448100
605118,力鼎光电,20200730,410684000,407116000
605122,四方新材,20210310,172354000,172354000
605123,派克新材,20200825,121170900,121170900
605128,上海沿浦,20200915,211138700,211138700
605133,嵘泰股份,20210224,282806600,240394100
605136,丽人丽妆,20200929,400458500,400458500
605138,盛泰集团,20211027,555564900,555564900
605151,西上海,20201215,134554200,134554200
605155,西大门,20201231,191298100,189934500
605158,华达新材,20200805,511420000,511420000
605162,新中港,20210707,400563399,400563399
605166,聚合顺,20200618,314729200,314729200
605167,利柏特,20210726,449070000,449070000
605168,三人行,20200528,210817000,210817000
605169,洪通燃气,20201030,282880000,282880000
605177,东亚药业,20201125,114740000,112583900
605178,时空科技,20200821,99251600,99251600
605179,一鸣食品,20201228,401000000,401000000
605180,华生科技,20210430,169000000,169000000
605183,确成股份,20201207,415883100,412429400
605186,健麾信息,20201222,136000000,136000000
605188,国光连锁,20200728,501351500,501351500
605189,富春染织,20210528,194076600,194076600
605196,华通线缆,20210511,511002800,504400800
605198,安德利,20200918,270536000,270536000
605199,ST葫芦娃,20200710,400108800,400108800
605208,永茂泰,20210308,329940000,329940000
605218,伟时电子,20200928,212833500,212833500
605222,起帆电缆,20200731,412901000,412901000
605228,神通科技,20210120,432223600,429220600
605255,天普股份,20200825,134080000,134080000
605258,协和电子,20201203,88000000,88000000
605259,绿田机械,20210615,172480000,172480000
605266,健之佳,20201201,154542900,154542900
605268,王力安防,20210224,446302500,437696300
605277,新亚电子,20210106,324297300,313982400
605286,同力日升,20210322,168000000,168000000
605287,德才股份,20210706,140000000,140000000
605288,凯迪股份,20200601,70673000,70198900
605289,罗曼股份,20210426,109007500,108337500
605296,神农集团,20210528,524839000,524564400
605298,必得科技,20210301,187850000,184652000
605299,舒华体育,20201215,409226500,409226500
605300,佳禾食品,20210430,454398600,400010000
605303,园林股份,20210301,161237400,161237400
605305,中际联合,20210506,212520000,212520000
605318,法狮龙,20200803,125729000,125729000
605319,无锡振华,20210607,250061600,213681600
605333,沪光股份,20200818,436776100,436776100
605336,帅丰电器,20201019,183412500,183412500
605337,李子园,20210208,390101800,390101800
605338,巴比食品,20201012,239566699,239566699
605339,南侨食品,20210518,424290600,424290600
605358,立昂微,20200911,671366000,671366000
605365,立达信,20210720,502012900,502012900
605366,宏柏新材,20200812,650141900,650141900
605368,蓝天燃气,20210129,714635700,714635700
605369,拱东医疗,20200916,220492900,220492900
605376,博迁新材,20201208,261600000,261600000
605377,华旺科技,20201228,556670300,556670300
605378,野马电池,20210412,261346400,261346400
605388,均瑶健康,20200818,600484000,600484000
605389,长龄液压,20210322,144087100,136266800
605398,新炬网络,20210121,162716400,162716400
605399,晨光新材,20200804,312241300,311557300
605488,福莱新材,20210513,280209000,277347400
605499,东鹏饮料,20210527,520013000,520013000
605500,森林包装,20201222,414400000,414400000
605507,国邦医药,20210802,558823500,301722200
605555,德昌股份,20211021,484069000,484069000
605566,福莱蒽特,20211025,133340000,133340000
605567,春雪食品,20211013,200000000,200000000
605577,龙版传媒,20210824,444444400,444444400
605580,恒盛能源,20210819,280000000,280000000
605588,冠石科技,20210812,73468200,73099600
605589,圣泉集团,20210810,846402000,780893300
605598,上海港湾,20210917,244584800,243016800
605599,菜百股份,20210909,777777800,777777800
